Metric,Value
Silhouette Score,0.5188420695236521
Calinski-Harabasz Index,3967.039198469341
Davies-Bouldin Index,0.7074213698058189
