Metric,Value
Silhouette Score,0.011012885404828894
Calinski-Harabasz Index,2.776544655963648
Davies-Bouldin Index,0.6745914132250311
