Metric,Value
Silhouette Score,-0.06075822505413357
Calinski-Harabasz Index,224.20477427456962
Davies-Bouldin Index,1.8118104821996301
