Metric,Value
Silhouette Score,-0.06343283930698618
Calinski-Harabasz Index,220.83609909101864
Davies-Bouldin Index,1.2993598608392782
